[{"owner":"","classname":"Animation","author":"Anele Mashy Mbanga anele@mbangas.com","comment":"create an animation object\n","id":"26274","category":"","version":"1.05","url":""},{"owner":"","classname":"CssAnimation","author":"Anele Mashy Mbanga anele@mbangas.com","comment":"create a CssAnimation class\n","id":"26355","category":"","version":"1.05","url":""},{"owner":"","classname":"CssBackground","author":"Anele Mashy Mbanga anele@mbangas.com","comment":"create a CssBackground class\n","id":"26346","category":"","version":"1.05","url":""},{"owner":"","classname":"CssBorder","author":"Anele Mashy Mbanga anele@mbangas.com","comment":"create a CssBorder class\n","id":"26348","category":"","version":"1.05","url":""},{"owner":"","classname":"CssBorderImage","author":"Anele Mashy Mbanga anele@mbangas.com","comment":"create a CssBorderImage class\n","id":"26351","category":"","version":"1.05","url":""},{"owner":"","classname":"CssFilter","author":"Anele Mashy Mbanga anele@mbangas.com","comment":"create a CssFilter class\n","id":"26356","category":"","version":"1.05","url":""},{"owner":"","classname":"CssFont","author":"Anele Mashy Mbanga anele@mbangas.com","comment":"create a CssFont class\n","id":"26350","category":"","version":"1.05","url":""},{"owner":"","classname":"CssImage","author":"Anele Mashy Mbanga anele@mbangas.com","comment":"create a CssImage class\n","id":"26357","category":"","version":"1.05","url":""},{"owner":"","classname":"CssList","author":"Anele Mashy Mbanga anele@mbangas.com","comment":"create a CssList class\n","id":"26352","category":"","version":"1.05","url":""},{"owner":"","classname":"CssOutline","author":"Anele Mashy Mbanga anele@mbangas.com","comment":"create a CssOutline class\n","id":"26349","category":"","version":"1.05","url":""},{"owner":"","classname":"CssOverflow","author":"Anele Mashy Mbanga anele@mbangas.com","comment":"create a CssOverflow class\n","id":"26343","category":"","version":"1.05","url":""},{"owner":"","classname":"CssPositions","author":"Anele Mashy Mbanga anele@mbangas.com","comment":"create a CssPositions class\n","id":"26347","category":"","version":"1.05","url":""},{"owner":"","classname":"CssSize","author":"Anele Mashy Mbanga anele@mbangas.com","comment":"create a CssSize class\n","id":"26345","category":"","version":"1.05","url":""},{"owner":"","classname":"CssText","author":"Anele Mashy Mbanga anele@mbangas.com","comment":"create a CssText class\n","id":"26344","category":"","version":"1.05","url":""},{"owner":"","classname":"CssTransform","author":"Anele Mashy Mbanga anele@mbangas.com","comment":"create a CssTransform class\n","id":"26353","category":"","version":"1.05","url":""},{"owner":"","classname":"CssTransition","author":"Anele Mashy Mbanga anele@mbangas.com","comment":"create a CssTransition class\n","id":"26354","category":"","version":"1.05","url":""},{"owner":"","classname":"GMapCircle","author":"Anele Mashy Mbanga anele@mbangas.com","comment":"create a GMapCircle class\n","id":"26361","category":"","version":"1.05","url":""},{"owner":"","classname":"GMapMarker","author":"Anele Mashy Mbanga anele@mbangas.com","comment":"create a GMapMarker class\n","id":"26358","category":"","version":"1.05","url":""},{"owner":"","classname":"GMapPolyGon","author":"Anele Mashy Mbanga anele@mbangas.com","comment":"create a GMapPolyGon class\n","id":"26360","category":"","version":"1.05","url":""},{"owner":"","classname":"GMapPolyLine","author":"Anele Mashy Mbanga anele@mbangas.com","comment":"create a GMapPolyLine class\n","id":"26359","category":"","version":"1.05","url":""},{"owner":"","classname":"HTMLElement","author":"Anele Mashy Mbanga anele@mbangas.com","comment":"HTML Element base component that bases all other components\n","id":"26256","category":"","version":"1.05","url":""},{"owner":"","classname":"MDIcons","author":"Anele Mashy Mbanga anele@mbangas.com","comment":"Material Design Icon Class, this makes it easy to refer to icons with MDI.mdi_ac_unit for example\n","id":"26325","category":"","version":"1.05","url":""},{"owner":"","classname":"UOEAlert","author":"Anele Mashy Mbanga anele@mbangas.com","comment":"create an alert\n","id":"26280","category":"","version":"1.05","url":""},{"owner":"","classname":"UOEAnchor","author":"Anele Mashy Mbanga anele@mbangas.com","comment":"Create an Anchor html element\n","id":"26298","category":"","version":"1.05","url":""},{"owner":"","classname":"UOEAnchorIcon","author":"Anele Mashy Mbanga anele@mbangas.com","comment":"Create an anchor icon element, i.e. an anchor with an icon\n","id":"26299","category":"","version":"1.05","url":""},{"owner":"","classname":"UOEApp","author":"Anele Mashy Mbanga anele@mbangas.com","comment":"Create a website app where you will add your pages to. This is the most important component.\n","id":"26258","category":"","version":"1.05","url":""},{"owner":"","classname":"UOEAxios","author":"Anele Mashy Mbanga anele@mbangas.com","comment":"axios ajax wrapper\n","id":"26338","category":"","version":"1.05","url":""},{"owner":"","classname":"UOEBVideo","author":"Anele Mashy Mbanga anele@mbangas.com","comment":"Create a background video for any element\n","id":"26268","category":"","version":"1.05","url":""},{"owner":"","classname":"UOEBadge","author":"Anele Mashy Mbanga anele@mbangas.com","comment":"create a badge component\n","id":"26284","category":"","version":"1.05","url":""},{"owner":"","classname":"UOEBreadCrumbs","author":"Anele Mashy Mbanga anele@mbangas.com","comment":"Create breadcrumb component\n","id":"26326","category":"","version":"1.05","url":""},{"owner":"","classname":"UOEButton","author":"Anele Mashy Mbanga anele@mbangas.com","comment":"Create a button\n","id":"26272","category":"","version":"1.05","url":""},{"owner":"","classname":"UOECSS","author":"Anele Mashy Mbanga anele@mbangas.com","comment":"","id":"26306","category":"","version":"1.05","url":""},{"owner":"","classname":"UOECard","author":"Anele Mashy Mbanga anele@mbangas.com","comment":"define a material card\n","id":"26269","category":"","version":"1.05","url":""},{"owner":"","classname":"UOECarousel","author":"Anele Mashy Mbanga anele@mbangas.com","comment":"Create a carousel\n","id":"26270","category":"","version":"1.05","url":""},{"owner":"","classname":"UOECharts","author":"Anele Mashy Mbanga anele@mbangas.com","comment":"create a billboard chart\n","id":"26288","category":"","version":"1.05","url":""},{"owner":"","classname":"UOECheckBox","author":"Anele Mashy Mbanga anele@mbangas.com","comment":"Create a checkbox\n","id":"26279","category":"","version":"1.05","url":""},{"owner":"","classname":"UOECheckGroup","author":"Anele Mashy Mbanga anele@mbangas.com","comment":"Create a radio group of buttons\n","id":"26277","category":"","version":"1.05","url":""},{"owner":"","classname":"UOEChip","author":"Anele Mashy Mbanga anele@mbangas.com","comment":"Create a chip\n","id":"26261","category":"","version":"1.05","url":""},{"owner":"","classname":"UOEChips","author":"Anele Mashy Mbanga anele@mbangas.com","comment":"Create chips\n","id":"26262","category":"","version":"1.05","url":""},{"owner":"","classname":"UOECollapsible","author":"Anele Mashy Mbanga anele@mbangas.com","comment":"Create a collapsible\n","id":"26282","category":"","version":"1.05","url":""},{"owner":"","classname":"UOECollections","author":"Anele Mashy Mbanga anele@mbangas.com","comment":"Create a collection i.e. listview\n","id":"26285","category":"","version":"1.05","url":""},{"owner":"","classname":"UOEColumn","author":"Anele Mashy Mbanga anele@mbangas.com","comment":"create a UOEColumn class\n","id":"26363","category":"","version":"1.05","url":""},{"owner":"","classname":"UOEContainer","author":"Anele Mashy Mbanga anele@mbangas.com","comment":"Create a container to host other components\n","id":"26255","category":"","version":"1.05","url":""},{"owner":"","classname":"UOECopyrights","author":"Anele Mashy Mbanga anele@mbangas.com","comment":"Create the copyrights component\n","id":"26327","category":"","version":"1.05","url":""},{"owner":"","classname":"UOEDatePicker","author":"Anele Mashy Mbanga anele@mbangas.com","comment":"Create a date time picker\n","id":"26283","category":"","version":"1.05","url":""},{"owner":"","classname":"UOEDial","author":"Anele Mashy Mbanga anele@mbangas.com","comment":"create a dial\n","id":"26308","category":"","version":"1.05","url":""},{"owner":"","classname":"UOEDivider","author":"Anele Mashy Mbanga anele@mbangas.com","comment":"Create a divider\n","id":"26318","category":"","version":"1.05","url":""},{"owner":"","classname":"UOEDropDownItem","author":"Anele Mashy Mbanga anele@mbangas.com","comment":"Create a dropdown item\n","id":"26332","category":"","version":"1.05","url":""},{"owner":"","classname":"UOEDropdown","author":"Anele Mashy Mbanga anele@mbangas.com","comment":"Create a dropdown\n","id":"26286","category":"","version":"1.05","url":""},{"owner":"","classname":"UOEEasyTicker","author":"Anele Mashy Mbanga anele@mbangas.com","comment":"Create an easy ticker\n","id":"26300","category":"","version":"1.05","url":""},{"owner":"","classname":"UOEEditor","author":"Anele Mashy Mbanga anele@mbangas.com","comment":"create an editor\n","id":"26335","category":"","version":"1.05","url":""},{"owner":"","classname":"UOEFAB","author":"Anele Mashy Mbanga anele@mbangas.com","comment":"Create a floating action button\n","id":"26295","category":"","version":"1.05","url":""},{"owner":"","classname":"UOEFLowChart","author":"Anele Mashy Mbanga anele@mbangas.com","comment":"create a flowchart\n","id":"26314","category":"","version":"1.05","url":""},{"owner":"","classname":"UOEFeature","author":"Anele Mashy Mbanga anele@mbangas.com","comment":"Create a feature\n","id":"26323","category":"","version":"1.05","url":""},{"owner":"","classname":"UOEFile","author":"Anele Mashy Mbanga anele@mbangas.com","comment":"Create a file input\n","id":"26271","category":"","version":"1.05","url":""},{"owner":"","classname":"UOEFireBase","author":"Anele Mashy Mbanga anele@mbangas.com","comment":"access google firebase storage\n","id":"26311","category":"","version":"1.05","url":""},{"owner":"","classname":"UOEGMaps","author":"Anele Mashy Mbanga anele@mbangas.com","comment":"create google maps\n","id":"26309","category":"","version":"1.05","url":""},{"owner":"","classname":"UOEGallery","author":"Anele Mashy Mbanga anele@mbangas.com","comment":"create a gallery\n","id":"26313","category":"","version":"1.05","url":""},{"owner":"","classname":"UOEGrid","author":"Anele Mashy Mbanga anele@mbangas.com","comment":"Create a grid\nthe default bottom margin on the materializecss.com website is 20.\nfor columns, one change change the left and right padding as the top & bottom are zero\n","id":"26254","category":"","version":"1.05","url":""},{"owner":"","classname":"UOEHTML5Video","author":"Anele Mashy Mbanga anele@mbangas.com","comment":"Create a HTML5 Video\n","id":"26263","category":"","version":"1.05","url":""},{"owner":"","classname":"UOEIcon","author":"Anele Mashy Mbanga anele@mbangas.com","comment":"Create an icon\n","id":"26297","category":"","version":"1.05","url":""},{"owner":"","classname":"UOEImage","author":"Anele Mashy Mbanga anele@mbangas.com","comment":"Create an image\n","id":"26260","category":"","version":"1.05","url":""},{"owner":"","classname":"UOEInfoBox","author":"Anele Mashy Mbanga anele@mbangas.com","comment":"create an infobox\n","id":"26316","category":"","version":"1.05","url":""},{"owner":"","classname":"UOEInput","author":"Anele Mashy Mbanga anele@mbangas.com","comment":"Create an input control, e.g. email, password, number, website\n","id":"26273","category":"","version":"1.05","url":""},{"owner":"","classname":"UOEJS","author":"Anele Mashy Mbanga anele@mbangas.com","comment":"javascript wrapper to use with UOE\n","id":"26259","category":"","version":"1.05","url":""},{"owner":"","classname":"UOELabel","author":"Anele Mashy Mbanga anele@mbangas.com","comment":"Create a label, these are span, p and h1-h6\n","id":"26281","category":"","version":"1.05","url":""},{"owner":"","classname":"UOELeafLet","author":"Anele Mashy Mbanga anele@mbangas.com","comment":"create leaflet maps\n","id":"26292","category":"","version":"1.05","url":""},{"owner":"","classname":"UOEList","author":"Anele Mashy Mbanga anele@mbangas.com","comment":"Create a list i.e. Ordered List (ol) or Unordered List (ul)\n","id":"26324","category":"","version":"1.05","url":""},{"owner":"","classname":"UOEListView","author":"Anele Mashy Mbanga anele@mbangas.com","comment":"Create a listview, this is the recommended control\n","id":"26293","category":"","version":"1.05","url":""},{"owner":"","classname":"UOEMenu","author":"Anele Mashy Mbanga anele@mbangas.com","comment":"Create a menu e.g. navbar that you can place anywhere\n","id":"26287","category":"","version":"1.05","url":""},{"owner":"","classname":"UOEMermaid","author":"Anele Mashy Mbanga anele@mbangas.com","comment":"Create a mermaid something\n","id":"26305","category":"","version":"1.05","url":""},{"owner":"","classname":"UOEModal","author":"Anele Mashy Mbanga anele@mbangas.com","comment":"Create a modal sheet\n","id":"26275","category":"","version":"1.05","url":""},{"owner":"","classname":"UOENav","author":"Anele Mashy Mbanga anele@mbangas.com","comment":"Create a navbar for the top section of a page, this is linked to the sidebar of the page\n","id":"26264","category":"","version":"1.05","url":""},{"owner":"","classname":"UOEPage","author":"Anele Mashy Mbanga anele@mbangas.com","comment":"Create a page inside the application. This is where you put the controls for your page\n","id":"26257","category":"","version":"1.05","url":""},{"owner":"","classname":"UOEPagination","author":"Anele Mashy Mbanga anele@mbangas.com","comment":"Create a pagination\n","id":"26315","category":"","version":"1.05","url":""},{"owner":"","classname":"UOEParallax","author":"Anele Mashy Mbanga anele@mbangas.com","comment":"Create a parallax\n","id":"26265","category":"","version":"1.05","url":""},{"owner":"","classname":"UOEPreloader","author":"Anele Mashy Mbanga anele@mbangas.com","comment":"Create a pre-loader: this is experimental\n","id":"26328","category":"","version":"1.05","url":""},{"owner":"","classname":"UOEPrism","author":"Anele Mashy Mbanga anele@mbangas.com","comment":"Create a prism code block\n","id":"26312","category":"","version":"1.05","url":""},{"owner":"","classname":"UOEProgress","author":"Anele Mashy Mbanga anele@mbangas.com","comment":"Create a progress bar\n","id":"26329","category":"","version":"1.05","url":""},{"owner":"","classname":"UOEQuill","author":"Anele Mashy Mbanga anele@mbangas.com","comment":"create a quill editor\n","id":"26337","category":"","version":"1.05","url":""},{"owner":"","classname":"UOERadio","author":"Anele Mashy Mbanga anele@mbangas.com","comment":"Create a radio button\n","id":"26278","category":"","version":"1.05","url":""},{"owner":"","classname":"UOERadioGroup","author":"Anele Mashy Mbanga anele@mbangas.com","comment":"Create a radio group of buttons\n","id":"26276","category":"","version":"1.05","url":""},{"owner":"","classname":"UOERange","author":"Anele Mashy Mbanga anele@mbangas.com","comment":"Create a range\n","id":"26330","category":"","version":"1.05","url":""},{"owner":"","classname":"UOERangeSlider","author":"Anele Mashy Mbanga anele@mbangas.com","comment":"Create a ranger slider\n","id":"26296","category":"","version":"1.05","url":""},{"owner":"","classname":"UOERibbon","author":"Anele Mashy Mbanga anele@mbangas.com","comment":"create a ribbon around a div\n","id":"26307","category":"","version":"1.05","url":""},{"owner":"","classname":"UOERow","author":"Anele Mashy Mbanga anele@mbangas.com","comment":"create a UOERow class\n","id":"26362","category":"","version":"1.05","url":""},{"owner":"","classname":"UOESection","author":"Anele Mashy Mbanga anele@mbangas.com","comment":"Create a section\n","id":"26331","category":"","version":"1.05","url":""},{"owner":"","classname":"UOESelect","author":"Anele Mashy Mbanga anele@mbangas.com","comment":"Create a select\n","id":"26317","category":"","version":"1.05","url":""},{"owner":"","classname":"UOESideBar","author":"Anele Mashy Mbanga anele@mbangas.com","comment":"Create a side bar\n","id":"26291","category":"","version":"1.05","url":""},{"owner":"","classname":"UOESlider","author":"Anele Mashy Mbanga anele@mbangas.com","comment":"Create a slider for images\n","id":"26266","category":"","version":"1.05","url":""},{"owner":"","classname":"UOESocialShare","author":"Anele Mashy Mbanga anele@mbangas.com","comment":"Create a social media sharing platform\n","id":"26304","category":"","version":"1.05","url":""},{"owner":"","classname":"UOESpan","author":"Anele Mashy Mbanga anele@mbangas.com","comment":"Create a span\n","id":"26333","category":"","version":"1.05","url":""},{"owner":"","classname":"UOESplitFlap","author":"Anele Mashy Mbanga anele@mbangas.com","comment":"Create a splitflap component\n","id":"26319","category":"","version":"1.05","url":""},{"owner":"","classname":"UOESquire","author":"Anele Mashy Mbanga anele@mbangas.com","comment":"create a squire editor\n","id":"26336","category":"","version":"1.05","url":""},{"owner":"","classname":"UOESubWayItem","author":"Anele Mashy Mbanga anele@mbangas.com","comment":"sub way item\n","id":"26321","category":"","version":"1.05","url":""},{"owner":"","classname":"UOESubway","author":"Anele Mashy Mbanga anele@mbangas.com","comment":"wrapped by Anele 'Mashy' Mbanga for ABMaterial\nsource: https:\/\/www.kalyani.com\/blog\/2010\/10\/08\/subway-map-visualization-jquery-plugin\/\nanele@mbangas.com\nNB: DONT EVER USE NUMERIC MAP KEYS\n","id":"26320","category":"","version":"1.05","url":""},{"owner":"","classname":"UOESweetModal","author":"Anele Mashy Mbanga anele@mbangas.com","comment":"Create a sweet modal component\n","id":"26301","category":"","version":"1.05","url":""},{"owner":"","classname":"UOESwitch","author":"Anele Mashy Mbanga anele@mbangas.com","comment":"Create a switch\n","id":"26322","category":"","version":"1.05","url":""},{"owner":"","classname":"UOETable","author":"Anele Mashy Mbanga anele@mbangas.com","comment":"Create a table\n","id":"26294","category":"","version":"1.05","url":""},{"owner":"","classname":"UOETabs","author":"Anele Mashy Mbanga anele@mbangas.com","comment":"Create tabs\n","id":"26302","category":"","version":"1.05","url":""},{"owner":"","classname":"UOEThemes","author":"Anele Mashy Mbanga anele@mbangas.com","comment":"Theme management class to add themes to the application with AddTheme(forecolor, forecolorintensity,backcolor,backcolorintensity)\n","id":"26423","category":"","version":"1.05","url":""},{"owner":"","classname":"UOEToC","author":"Anele Mashy Mbanga anele@mbangas.com","comment":"Create a TOC (table of contents)\n","id":"26334","category":"","version":"1.05","url":""},{"owner":"","classname":"UOEToast","author":"Anele Mashy Mbanga anele@mbangas.com","comment":"Create a toast\n","id":"26310","category":"","version":"1.05","url":""},{"owner":"","classname":"UOEToolBar","author":"Anele Mashy Mbanga anele@mbangas.com","comment":"create an UOEToolbar\n","id":"26303","category":"","version":"1.05","url":""},{"owner":"","classname":"UOEToolBarAnimation","author":"Anele Mashy Mbanga anele@mbangas.com","comment":"","id":"26341","category":"","version":"1.05","url":""},{"owner":"","classname":"UOEToolBarPosition","author":"Anele Mashy Mbanga anele@mbangas.com","comment":"","id":"26340","category":"","version":"1.05","url":""},{"owner":"","classname":"UOEToolBarTheme","author":"Anele Mashy Mbanga anele@mbangas.com","comment":"","id":"26339","category":"","version":"1.05","url":""},{"owner":"","classname":"UOEToolTip","author":"Anele Mashy Mbanga anele@mbangas.com","comment":"create a tooltip\n","id":"26342","category":"","version":"1.05","url":""},{"owner":"","classname":"UOEVideo","author":"Anele Mashy Mbanga anele@mbangas.com","comment":"Create a video\n","id":"26267","category":"","version":"1.05","url":""},{"owner":"","classname":"UOEWaterBall","author":"Anele Mashy Mbanga anele@mbangas.com","comment":"create a waterball progress bar\n","id":"26289","category":"","version":"1.05","url":""},{"owner":"","classname":"UOEWordCloud","author":"Anele Mashy Mbanga anele@mbangas.com","comment":"word cloud control\n","id":"26290","category":"","version":"1.05","url":""},{"owner":"","classname":"clsAlignment","author":"Anele Mashy Mbanga anele@mbangas.com","comment":"create a Alignment class\n","id":"26368","category":"","version":"1.05","url":""},{"owner":"","classname":"clsAngleArcType","author":"Anele Mashy Mbanga anele@mbangas.com","comment":"create a AngleArcType class\n","id":"26395","category":"","version":"1.05","url":""},{"owner":"","classname":"clsAngleOffsetType","author":"Anele Mashy Mbanga anele@mbangas.com","comment":"create a AngleOffsetType class\n","id":"26396","category":"","version":"1.05","url":""},{"owner":"","classname":"clsAnimation","author":"Anele Mashy Mbanga anele@mbangas.com","comment":"create a Animation class\n","id":"26377","category":"","version":"1.05","url":""},{"owner":"","classname":"clsBillBoardDonutType","author":"Anele Mashy Mbanga anele@mbangas.com","comment":"create a BillBoardDonutType class\n","id":"26398","category":"","version":"1.05","url":""},{"owner":"","classname":"clsBillBoardGaugeType","author":"Anele Mashy Mbanga anele@mbangas.com","comment":"create a BillBoardGaugeType class\n","id":"26399","category":"","version":"1.05","url":""},{"owner":"","classname":"clsBillBoardLegendType","author":"Anele Mashy Mbanga anele@mbangas.com","comment":"create a BillBoardLegendType class\n","id":"26401","category":"","version":"1.05","url":""},{"owner":"","classname":"clsBillBoardPieType","author":"Anele Mashy Mbanga anele@mbangas.com","comment":"create a BillBoardPieType class\n","id":"26402","category":"","version":"1.05","url":""},{"owner":"","classname":"clsBillBoardRadarType","author":"Anele Mashy Mbanga anele@mbangas.com","comment":"create a BillBoardRadarType class\n","id":"26403","category":"","version":"1.05","url":""},{"owner":"","classname":"clsBillboardChartType","author":"Anele Mashy Mbanga anele@mbangas.com","comment":"create a BillboardChartType class\n","id":"26397","category":"","version":"1.05","url":""},{"owner":"","classname":"clsBillboardLegendPositionType","author":"Anele Mashy Mbanga anele@mbangas.com","comment":"create a BillboardLegendPositionType class\n","id":"26400","category":"","version":"1.05","url":""},{"owner":"","classname":"clsButtonSize","author":"Anele Mashy Mbanga anele@mbangas.com","comment":"create a ButtonSize class\n","id":"26369","category":"","version":"1.05","url":""},{"owner":"","classname":"clsButtonType","author":"Anele Mashy Mbanga anele@mbangas.com","comment":"create a ButtonType class\n","id":"26370","category":"","version":"1.05","url":""},{"owner":"","classname":"clsCardSize","author":"Anele Mashy Mbanga anele@mbangas.com","comment":"create a CardSize class\n","id":"26371","category":"","version":"1.05","url":""},{"owner":"","classname":"clsCardType","author":"Anele Mashy Mbanga anele@mbangas.com","comment":"create a CardType class\n","id":"26364","category":"","version":"1.05","url":""},{"owner":"","classname":"clsCollapsibleType","author":"Anele Mashy Mbanga anele@mbangas.com","comment":"create a CollapsibleType class\n","id":"26387","category":"","version":"1.05","url":""},{"owner":"","classname":"clsColor","author":"Anele Mashy Mbanga anele@mbangas.com","comment":"create a COLOR class\n","id":"26426","category":"","version":"1.05","url":""},{"owner":"","classname":"clsDateTimeType","author":"Anele Mashy Mbanga anele@mbangas.com","comment":"create a DateTimeType class\n","id":"26381","category":"","version":"1.05","url":""},{"owner":"","classname":"clsDisplayType","author":"Anele Mashy Mbanga anele@mbangas.com","comment":"create a DisplayType class\n","id":"26382","category":"","version":"1.05","url":""},{"owner":"","classname":"clsEasing","author":"Anele Mashy Mbanga anele@mbangas.com","comment":"create a Easing class\n","id":"26379","category":"","version":"1.05","url":""},{"owner":"","classname":"clsEvents","author":"Anele Mashy Mbanga anele@mbangas.com","comment":"create a Event class\n","id":"26422","category":"","version":"1.05","url":""},{"owner":"","classname":"clsFABDirection","author":"Anele Mashy Mbanga anele@mbangas.com","comment":"create a FABDirection class\n","id":"26365","category":"","version":"1.05","url":""},{"owner":"","classname":"clsFCOperation","author":"Anele Mashy Mbanga anele@mbangas.com","comment":"create a Operation class\n","id":"26404","category":"","version":"1.05","url":""},{"owner":"","classname":"clsFCPositionType","author":"Anele Mashy Mbanga anele@mbangas.com","comment":"create a PositionType class\n","id":"26405","category":"","version":"1.05","url":""},{"owner":"","classname":"clsFloatType","author":"Anele Mashy Mbanga anele@mbangas.com","comment":"create a FloatType class\n","id":"26385","category":"","version":"1.05","url":""},{"owner":"","classname":"clsHexColors","author":"Anele Mashy Mbanga anele@mbangas.com","comment":"create a COLOR class\n","id":"26424","category":"","version":"1.05","url":""},{"owner":"","classname":"clsIconSize","author":"Anele Mashy Mbanga anele@mbangas.com","comment":"create a IconSize class\n","id":"26372","category":"","version":"1.05","url":""},{"owner":"","classname":"clsInputType","author":"Anele Mashy Mbanga anele@mbangas.com","comment":"create a InputType class\n","id":"26374","category":"","version":"1.05","url":""},{"owner":"","classname":"clsIntensity","author":"Anele Mashy Mbanga anele@mbangas.com","comment":"create a INTENSITY class\n","id":"26425","category":"","version":"1.05","url":""},{"owner":"","classname":"clsIntervalType","author":"Anele Mashy Mbanga anele@mbangas.com","comment":"create a IntervalType class\n","id":"26393","category":"","version":"1.05","url":""},{"owner":"","classname":"clsLabelSize","author":"Anele Mashy Mbanga anele@mbangas.com","comment":"create a LabelSize class\n","id":"26383","category":"","version":"1.05","url":""},{"owner":"","classname":"clsLatLng","author":"Anele Mashy Mbanga anele@mbangas.com","comment":"create a LatLng class\n","id":"26392","category":"","version":"1.05","url":""},{"owner":"","classname":"clsLineCapOf","author":"Anele Mashy Mbanga anele@mbangas.com","comment":"create a LineCapOf class\n","id":"26394","category":"","version":"1.05","url":""},{"owner":"","classname":"clsLogoPosition","author":"Anele Mashy Mbanga anele@mbangas.com","comment":"create a LogoPosition class\n","id":"26391","category":"","version":"1.05","url":""},{"owner":"","classname":"clsMBCircle","author":"Anele Mashy Mbanga anele@mbangas.com","comment":"create a MBCircle class\n","id":"26409","category":"","version":"1.05","url":""},{"owner":"","classname":"clsMBIconSize","author":"Anele Mashy Mbanga anele@mbangas.com","comment":"create a MarkerIconSize class\n","id":"26410","category":"","version":"1.05","url":""},{"owner":"","classname":"clsMBMarkerType","author":"Anele Mashy Mbanga anele@mbangas.com","comment":"create a MBMarkerType class\n","id":"26411","category":"","version":"1.05","url":""},{"owner":"","classname":"clsMBPolyLine","author":"Anele Mashy Mbanga anele@mbangas.com","comment":"create a MBPolyLine class\n","id":"26412","category":"","version":"1.05","url":""},{"owner":"","classname":"clsMakiIcons","author":"Anele Mashy Mbanga anele@mbangas.com","comment":"create a MakiIcons class\n","id":"26407","category":"","version":"1.05","url":""},{"owner":"","classname":"clsMapTypeObj","author":"Anele Mashy Mbanga anele@mbangas.com","comment":"create a MapTypeObj class\n","id":"26408","category":"","version":"1.05","url":""},{"owner":"","classname":"clsMenuPos","author":"Anele Mashy Mbanga anele@mbangas.com","comment":"create a Menu class\n","id":"26384","category":"","version":"1.05","url":""},{"owner":"","classname":"clsModeType","author":"Anele Mashy Mbanga anele@mbangas.com","comment":"create a ModeType class\n","id":"26413","category":"","version":"1.05","url":""},{"owner":"","classname":"clsOrientation","author":"Anele Mashy Mbanga anele@mbangas.com","comment":"create a Orientation class\n","id":"26378","category":"","version":"1.05","url":""},{"owner":"","classname":"clsScaleType","author":"Anele Mashy Mbanga anele@mbangas.com","comment":"create a ScaleType class\n","id":"26386","category":"","version":"1.05","url":""},{"owner":"","classname":"clsSliderOrientation","author":"Anele Mashy Mbanga anele@mbangas.com","comment":"create a SliderOrientation class\n","id":"26389","category":"","version":"1.05","url":""},{"owner":"","classname":"clsSocialSharePlatform","author":"Anele Mashy Mbanga anele@mbangas.com","comment":"create a SocialSharePlatform class\n","id":"26414","category":"","version":"1.05","url":""},{"owner":"","classname":"clsSocialShareTheme","author":"Anele Mashy Mbanga anele@mbangas.com","comment":"create a SocialShareTheme class\n","id":"26415","category":"","version":"1.05","url":""},{"owner":"","classname":"clsStatsType","author":"Anele Mashy Mbanga anele@mbangas.com","comment":"create a StatsType class\n","id":"26388","category":"","version":"1.05","url":""},{"owner":"","classname":"clsSubMarkerDirectionType","author":"Anele Mashy Mbanga anele@mbangas.com","comment":"create a MarkerDirectionType class\n","id":"26416","category":"","version":"1.05","url":""},{"owner":"","classname":"clsSubMarkerInfoType","author":"Anele Mashy Mbanga anele@mbangas.com","comment":"create a SubMarkerInfoType class\n","id":"26417","category":"","version":"1.05","url":""},{"owner":"","classname":"clsSubMarkerPosType","author":"Anele Mashy Mbanga anele@mbangas.com","comment":"create a SubMarkerPosType class\n","id":"26418","category":"","version":"1.05","url":""},{"owner":"","classname":"clsSubMarkerType","author":"Anele Mashy Mbanga anele@mbangas.com","comment":"create a SubMarkerType class\n","id":"26419","category":"","version":"1.05","url":""},{"owner":"","classname":"clsTarget","author":"Anele Mashy Mbanga anele@mbangas.com","comment":"create a Target class\n","id":"26406","category":"","version":"1.05","url":""},{"owner":"","classname":"clsTextAlignment","author":"Anele Mashy Mbanga anele@mbangas.com","comment":"create a TextAlignment class\n","id":"26366","category":"","version":"1.05","url":""},{"owner":"","classname":"clsTooltipPos","author":"Anele Mashy Mbanga anele@mbangas.com","comment":"create a TooltipPos class\n","id":"26367","category":"","version":"1.05","url":""},{"owner":"","classname":"clsTransition","author":"Anele Mashy Mbanga anele@mbangas.com","comment":"create a TransitionObject class\n","id":"26390","category":"","version":"1.05","url":""},{"owner":"","classname":"clsVideoType","author":"Anele Mashy Mbanga anele@mbangas.com","comment":"create a VideoType class\n","id":"26380","category":"","version":"1.05","url":""},{"owner":"","classname":"clsVisibility","author":"Anele Mashy Mbanga anele@mbangas.com","comment":"create a Visibility class\n","id":"26375","category":"","version":"1.05","url":""},{"owner":"","classname":"clsWavesType","author":"Anele Mashy Mbanga anele@mbangas.com","comment":"create a WavesType class\n","id":"26373","category":"","version":"1.05","url":""},{"owner":"","classname":"clsZDepth","author":"Anele Mashy Mbanga anele@mbangas.com","comment":"create a ZDepth class\n","id":"26376","category":"","version":"1.05","url":""},{"owner":"","classname":"clsthumbTypeType","author":"Anele Mashy Mbanga anele@mbangas.com","comment":"create a thumbTypeType class\n","id":"26421","category":"","version":"1.05","url":""},{"owner":"","classname":"clsthumbnailsPositionType","author":"Anele Mashy Mbanga anele@mbangas.com","comment":"create a thumbnailsPositionType class\n","id":"26420","category":"","version":"1.05","url":""}]