[{"owner":"","classname":"Animation","author":"Anele Mashy Mbanga anele@mbangas.com","comment":"create an animation object\n","id":"23851","category":"","version":"1.05","url":""},{"owner":"","classname":"CssAnimation","author":"Anele Mashy Mbanga anele@mbangas.com","comment":"create a CssAnimation class\n","id":"23932","category":"","version":"1.05","url":""},{"owner":"","classname":"CssBackground","author":"Anele Mashy Mbanga anele@mbangas.com","comment":"create a CssBackground class\n","id":"23923","category":"","version":"1.05","url":""},{"owner":"","classname":"CssBorder","author":"Anele Mashy Mbanga anele@mbangas.com","comment":"create a CssBorder class\n","id":"23925","category":"","version":"1.05","url":""},{"owner":"","classname":"CssBorderImage","author":"Anele Mashy Mbanga anele@mbangas.com","comment":"create a CssBorderImage class\n","id":"23928","category":"","version":"1.05","url":""},{"owner":"","classname":"CssFilter","author":"Anele Mashy Mbanga anele@mbangas.com","comment":"create a CssFilter class\n","id":"23933","category":"","version":"1.05","url":""},{"owner":"","classname":"CssFont","author":"Anele Mashy Mbanga anele@mbangas.com","comment":"create a CssFont class\n","id":"23927","category":"","version":"1.05","url":""},{"owner":"","classname":"CssImage","author":"Anele Mashy Mbanga anele@mbangas.com","comment":"create a CssImage class\n","id":"23934","category":"","version":"1.05","url":""},{"owner":"","classname":"CssList","author":"Anele Mashy Mbanga anele@mbangas.com","comment":"create a CssList class\n","id":"23929","category":"","version":"1.05","url":""},{"owner":"","classname":"CssOutline","author":"Anele Mashy Mbanga anele@mbangas.com","comment":"create a CssOutline class\n","id":"23926","category":"","version":"1.05","url":""},{"owner":"","classname":"CssOverflow","author":"Anele Mashy Mbanga anele@mbangas.com","comment":"create a CssOverflow class\n","id":"23920","category":"","version":"1.05","url":""},{"owner":"","classname":"CssPositions","author":"Anele Mashy Mbanga anele@mbangas.com","comment":"create a CssPositions class\n","id":"23924","category":"","version":"1.05","url":""},{"owner":"","classname":"CssSize","author":"Anele Mashy Mbanga anele@mbangas.com","comment":"create a CssSize class\n","id":"23922","category":"","version":"1.05","url":""},{"owner":"","classname":"CssText","author":"Anele Mashy Mbanga anele@mbangas.com","comment":"create a CssText class\n","id":"23921","category":"","version":"1.05","url":""},{"owner":"","classname":"CssTransform","author":"Anele Mashy Mbanga anele@mbangas.com","comment":"create a CssTransform class\n","id":"23930","category":"","version":"1.05","url":""},{"owner":"","classname":"CssTransition","author":"Anele Mashy Mbanga anele@mbangas.com","comment":"create a CssTransition class\n","id":"23931","category":"","version":"1.05","url":""},{"owner":"","classname":"GMapCircle","author":"Anele Mashy Mbanga anele@mbangas.com","comment":"create a GMapCircle class\n","id":"23938","category":"","version":"1.05","url":""},{"owner":"","classname":"GMapMarker","author":"Anele Mashy Mbanga anele@mbangas.com","comment":"create a GMapMarker class\n","id":"23935","category":"","version":"1.05","url":""},{"owner":"","classname":"GMapPolyGon","author":"Anele Mashy Mbanga anele@mbangas.com","comment":"create a GMapPolyGon class\n","id":"23937","category":"","version":"1.05","url":""},{"owner":"","classname":"GMapPolyLine","author":"Anele Mashy Mbanga anele@mbangas.com","comment":"create a GMapPolyLine class\n","id":"23936","category":"","version":"1.05","url":""},{"owner":"","classname":"HTMLElement","author":"Anele Mashy Mbanga anele@mbangas.com","comment":"HTML Element base component that bases all other components\n","id":"23833","category":"","version":"1.05","url":""},{"owner":"","classname":"MDIcons","author":"Anele Mashy Mbanga anele@mbangas.com","comment":"Material Design Icon Class, this makes it easy to refer to icons with MDI.mdi_ac_unit for example\n","id":"23902","category":"","version":"1.05","url":""},{"owner":"","classname":"UOEAlert","author":"Anele Mashy Mbanga anele@mbangas.com","comment":"create an alert\n","id":"23857","category":"","version":"1.05","url":""},{"owner":"","classname":"UOEAnchor","author":"Anele Mashy Mbanga anele@mbangas.com","comment":"Create an Anchor html element\n","id":"23875","category":"","version":"1.05","url":""},{"owner":"","classname":"UOEAnchorIcon","author":"Anele Mashy Mbanga anele@mbangas.com","comment":"Create an anchor icon element, i.e. an anchor with an icon\n","id":"23876","category":"","version":"1.05","url":""},{"owner":"","classname":"UOEApp","author":"Anele Mashy Mbanga anele@mbangas.com","comment":"Create a website app where you will add your pages to. This is the most important component.\n","id":"23835","category":"","version":"1.05","url":""},{"owner":"","classname":"UOEAxios","author":"Anele Mashy Mbanga anele@mbangas.com","comment":"axios ajax wrapper\n","id":"23915","category":"","version":"1.05","url":""},{"owner":"","classname":"UOEBVideo","author":"Anele Mashy Mbanga anele@mbangas.com","comment":"Create a background video for any element\n","id":"23845","category":"","version":"1.05","url":""},{"owner":"","classname":"UOEBadge","author":"Anele Mashy Mbanga anele@mbangas.com","comment":"create a badge component\n","id":"23861","category":"","version":"1.05","url":""},{"owner":"","classname":"UOEBreadCrumbs","author":"Anele Mashy Mbanga anele@mbangas.com","comment":"Create breadcrumb component\n","id":"23903","category":"","version":"1.05","url":""},{"owner":"","classname":"UOEButton","author":"Anele Mashy Mbanga anele@mbangas.com","comment":"Create a button\n","id":"23849","category":"","version":"1.05","url":""},{"owner":"","classname":"UOECSS","author":"Anele Mashy Mbanga anele@mbangas.com","comment":"","id":"23883","category":"","version":"1.05","url":""},{"owner":"","classname":"UOECard","author":"Anele Mashy Mbanga anele@mbangas.com","comment":"define a material card\n","id":"23846","category":"","version":"1.05","url":""},{"owner":"","classname":"UOECarousel","author":"Anele Mashy Mbanga anele@mbangas.com","comment":"Create a carousel\n","id":"23847","category":"","version":"1.05","url":""},{"owner":"","classname":"UOECharts","author":"Anele Mashy Mbanga anele@mbangas.com","comment":"create a billboard chart\n","id":"23865","category":"","version":"1.05","url":""},{"owner":"","classname":"UOECheckBox","author":"Anele Mashy Mbanga anele@mbangas.com","comment":"Create a checkbox\n","id":"23856","category":"","version":"1.05","url":""},{"owner":"","classname":"UOECheckGroup","author":"Anele Mashy Mbanga anele@mbangas.com","comment":"Create a radio group of buttons\n","id":"23854","category":"","version":"1.05","url":""},{"owner":"","classname":"UOEChip","author":"Anele Mashy Mbanga anele@mbangas.com","comment":"Create a chip\n","id":"23838","category":"","version":"1.05","url":""},{"owner":"","classname":"UOEChips","author":"Anele Mashy Mbanga anele@mbangas.com","comment":"Create chips\n","id":"23839","category":"","version":"1.05","url":""},{"owner":"","classname":"UOECollapsible","author":"Anele Mashy Mbanga anele@mbangas.com","comment":"Create a collapsible\n","id":"23859","category":"","version":"1.05","url":""},{"owner":"","classname":"UOECollections","author":"Anele Mashy Mbanga anele@mbangas.com","comment":"Create a collection i.e. listview\n","id":"23862","category":"","version":"1.05","url":""},{"owner":"","classname":"UOEColumn","author":"Anele Mashy Mbanga anele@mbangas.com","comment":"create a UOEColumn class\n","id":"23940","category":"","version":"1.05","url":""},{"owner":"","classname":"UOEContainer","author":"Anele Mashy Mbanga anele@mbangas.com","comment":"Create a container to host other components\n","id":"23832","category":"","version":"1.05","url":""},{"owner":"","classname":"UOECopyrights","author":"Anele Mashy Mbanga anele@mbangas.com","comment":"Create the copyrights component\n","id":"23904","category":"","version":"1.05","url":""},{"owner":"","classname":"UOEDatePicker","author":"Anele Mashy Mbanga anele@mbangas.com","comment":"Create a date time picker\n","id":"23860","category":"","version":"1.05","url":""},{"owner":"","classname":"UOEDial","author":"Anele Mashy Mbanga anele@mbangas.com","comment":"create a dial\n","id":"23885","category":"","version":"1.05","url":""},{"owner":"","classname":"UOEDivider","author":"Anele Mashy Mbanga anele@mbangas.com","comment":"Create a divider\n","id":"23895","category":"","version":"1.05","url":""},{"owner":"","classname":"UOEDropDownItem","author":"Anele Mashy Mbanga anele@mbangas.com","comment":"Create a dropdown item\n","id":"23909","category":"","version":"1.05","url":""},{"owner":"","classname":"UOEDropdown","author":"Anele Mashy Mbanga anele@mbangas.com","comment":"Create a dropdown\n","id":"23863","category":"","version":"1.05","url":""},{"owner":"","classname":"UOEEasyTicker","author":"Anele Mashy Mbanga anele@mbangas.com","comment":"Create an easy ticker\n","id":"23877","category":"","version":"1.05","url":""},{"owner":"","classname":"UOEEditor","author":"Anele Mashy Mbanga anele@mbangas.com","comment":"create an editor\n","id":"23912","category":"","version":"1.05","url":""},{"owner":"","classname":"UOEFAB","author":"Anele Mashy Mbanga anele@mbangas.com","comment":"Create a floating action button\n","id":"23872","category":"","version":"1.05","url":""},{"owner":"","classname":"UOEFLowChart","author":"Anele Mashy Mbanga anele@mbangas.com","comment":"create a flowchart\n","id":"23891","category":"","version":"1.05","url":""},{"owner":"","classname":"UOEFeature","author":"Anele Mashy Mbanga anele@mbangas.com","comment":"Create a feature\n","id":"23900","category":"","version":"1.05","url":""},{"owner":"","classname":"UOEFile","author":"Anele Mashy Mbanga anele@mbangas.com","comment":"Create a file input\n","id":"23848","category":"","version":"1.05","url":""},{"owner":"","classname":"UOEFireBase","author":"Anele Mashy Mbanga anele@mbangas.com","comment":"access google firebase storage\n","id":"23888","category":"","version":"1.05","url":""},{"owner":"","classname":"UOEGMaps","author":"Anele Mashy Mbanga anele@mbangas.com","comment":"create google maps\n","id":"23886","category":"","version":"1.05","url":""},{"owner":"","classname":"UOEGallery","author":"Anele Mashy Mbanga anele@mbangas.com","comment":"create a gallery\n","id":"23890","category":"","version":"1.05","url":""},{"owner":"","classname":"UOEGrid","author":"Anele Mashy Mbanga anele@mbangas.com","comment":"Create a grid\nthe default bottom margin on the materializecss.com website is 20.\nfor columns, one change change the left and right padding as the top & bottom are zero\n","id":"23831","category":"","version":"1.05","url":""},{"owner":"","classname":"UOEHTML5Video","author":"Anele Mashy Mbanga anele@mbangas.com","comment":"Create a HTML5 Video\n","id":"23840","category":"","version":"1.05","url":""},{"owner":"","classname":"UOEIcon","author":"Anele Mashy Mbanga anele@mbangas.com","comment":"Create an icon\n","id":"23874","category":"","version":"1.05","url":""},{"owner":"","classname":"UOEImage","author":"Anele Mashy Mbanga anele@mbangas.com","comment":"Create an image\n","id":"23837","category":"","version":"1.05","url":""},{"owner":"","classname":"UOEInfoBox","author":"Anele Mashy Mbanga anele@mbangas.com","comment":"create an infobox\n","id":"23893","category":"","version":"1.05","url":""},{"owner":"","classname":"UOEInput","author":"Anele Mashy Mbanga anele@mbangas.com","comment":"Create an input control, e.g. email, password, number, website\n","id":"23850","category":"","version":"1.05","url":""},{"owner":"","classname":"UOEJS","author":"Anele Mashy Mbanga anele@mbangas.com","comment":"javascript wrapper to use with UOE\n","id":"23836","category":"","version":"1.05","url":""},{"owner":"","classname":"UOELabel","author":"Anele Mashy Mbanga anele@mbangas.com","comment":"Create a label, these are span, p and h1-h6\n","id":"23858","category":"","version":"1.05","url":""},{"owner":"","classname":"UOELeafLet","author":"Anele Mashy Mbanga anele@mbangas.com","comment":"create leaflet maps\n","id":"23869","category":"","version":"1.05","url":""},{"owner":"","classname":"UOEList","author":"Anele Mashy Mbanga anele@mbangas.com","comment":"Create a list i.e. Ordered List (ol) or Unordered List (ul)\n","id":"23901","category":"","version":"1.05","url":""},{"owner":"","classname":"UOEListView","author":"Anele Mashy Mbanga anele@mbangas.com","comment":"Create a listview, this is the recommended control\n","id":"23870","category":"","version":"1.05","url":""},{"owner":"","classname":"UOEMenu","author":"Anele Mashy Mbanga anele@mbangas.com","comment":"Create a menu e.g. navbar that you can place anywhere\n","id":"23864","category":"","version":"1.05","url":""},{"owner":"","classname":"UOEMermaid","author":"Anele Mashy Mbanga anele@mbangas.com","comment":"Create a mermaid something\n","id":"23882","category":"","version":"1.05","url":""},{"owner":"","classname":"UOEModal","author":"Anele Mashy Mbanga anele@mbangas.com","comment":"Create a modal sheet\n","id":"23852","category":"","version":"1.05","url":""},{"owner":"","classname":"UOENav","author":"Anele Mashy Mbanga anele@mbangas.com","comment":"Create a navbar for the top section of a page, this is linked to the sidebar of the page\n","id":"23841","category":"","version":"1.05","url":""},{"owner":"","classname":"UOEPage","author":"Anele Mashy Mbanga anele@mbangas.com","comment":"Create a page inside the application. This is where you put the controls for your page\n","id":"23834","category":"","version":"1.05","url":""},{"owner":"","classname":"UOEPagination","author":"Anele Mashy Mbanga anele@mbangas.com","comment":"Create a pagination\n","id":"23892","category":"","version":"1.05","url":""},{"owner":"","classname":"UOEParallax","author":"Anele Mashy Mbanga anele@mbangas.com","comment":"Create a parallax\n","id":"23842","category":"","version":"1.05","url":""},{"owner":"","classname":"UOEPreloader","author":"Anele Mashy Mbanga anele@mbangas.com","comment":"Create a pre-loader: this is experimental\n","id":"23905","category":"","version":"1.05","url":""},{"owner":"","classname":"UOEPrism","author":"Anele Mashy Mbanga anele@mbangas.com","comment":"Create a prism code block\n","id":"23889","category":"","version":"1.05","url":""},{"owner":"","classname":"UOEProgress","author":"Anele Mashy Mbanga anele@mbangas.com","comment":"Create a progress bar\n","id":"23906","category":"","version":"1.05","url":""},{"owner":"","classname":"UOEQuill","author":"Anele Mashy Mbanga anele@mbangas.com","comment":"create a quill editor\n","id":"23914","category":"","version":"1.05","url":""},{"owner":"","classname":"UOERadio","author":"Anele Mashy Mbanga anele@mbangas.com","comment":"Create a radio button\n","id":"23855","category":"","version":"1.05","url":""},{"owner":"","classname":"UOERadioGroup","author":"Anele Mashy Mbanga anele@mbangas.com","comment":"Create a radio group of buttons\n","id":"23853","category":"","version":"1.05","url":""},{"owner":"","classname":"UOERange","author":"Anele Mashy Mbanga anele@mbangas.com","comment":"Create a range\n","id":"23907","category":"","version":"1.05","url":""},{"owner":"","classname":"UOERangeSlider","author":"Anele Mashy Mbanga anele@mbangas.com","comment":"Create a ranger slider\n","id":"23873","category":"","version":"1.05","url":""},{"owner":"","classname":"UOERibbon","author":"Anele Mashy Mbanga anele@mbangas.com","comment":"create a ribbon around a div\n","id":"23884","category":"","version":"1.05","url":""},{"owner":"","classname":"UOERow","author":"Anele Mashy Mbanga anele@mbangas.com","comment":"create a UOERow class\n","id":"23939","category":"","version":"1.05","url":""},{"owner":"","classname":"UOESection","author":"Anele Mashy Mbanga anele@mbangas.com","comment":"Create a section\n","id":"23908","category":"","version":"1.05","url":""},{"owner":"","classname":"UOESelect","author":"Anele Mashy Mbanga anele@mbangas.com","comment":"Create a select\n","id":"23894","category":"","version":"1.05","url":""},{"owner":"","classname":"UOESideBar","author":"Anele Mashy Mbanga anele@mbangas.com","comment":"Create a side bar\n","id":"23868","category":"","version":"1.05","url":""},{"owner":"","classname":"UOESlider","author":"Anele Mashy Mbanga anele@mbangas.com","comment":"Create a slider for images\n","id":"23843","category":"","version":"1.05","url":""},{"owner":"","classname":"UOESocialShare","author":"Anele Mashy Mbanga anele@mbangas.com","comment":"Create a social media sharing platform\n","id":"23881","category":"","version":"1.05","url":""},{"owner":"","classname":"UOESpan","author":"Anele Mashy Mbanga anele@mbangas.com","comment":"Create a span\n","id":"23910","category":"","version":"1.05","url":""},{"owner":"","classname":"UOESplitFlap","author":"Anele Mashy Mbanga anele@mbangas.com","comment":"Create a splitflap component\n","id":"23896","category":"","version":"1.05","url":""},{"owner":"","classname":"UOESquire","author":"Anele Mashy Mbanga anele@mbangas.com","comment":"create a squire editor\n","id":"23913","category":"","version":"1.05","url":""},{"owner":"","classname":"UOESubWayItem","author":"Anele Mashy Mbanga anele@mbangas.com","comment":"sub way item\n","id":"23898","category":"","version":"1.05","url":""},{"owner":"","classname":"UOESubway","author":"Anele Mashy Mbanga anele@mbangas.com","comment":"wrapped by Anele 'Mashy' Mbanga for ABMaterial\nsource: https:\/\/www.kalyani.com\/blog\/2010\/10\/08\/subway-map-visualization-jquery-plugin\/\nanele@mbangas.com\nNB: DONT EVER USE NUMERIC MAP KEYS\n","id":"23897","category":"","version":"1.05","url":""},{"owner":"","classname":"UOESweetModal","author":"Anele Mashy Mbanga anele@mbangas.com","comment":"Create a sweet modal component\n","id":"23878","category":"","version":"1.05","url":""},{"owner":"","classname":"UOESwitch","author":"Anele Mashy Mbanga anele@mbangas.com","comment":"Create a switch\n","id":"23899","category":"","version":"1.05","url":""},{"owner":"","classname":"UOETable","author":"Anele Mashy Mbanga anele@mbangas.com","comment":"Create a table\n","id":"23871","category":"","version":"1.05","url":""},{"owner":"","classname":"UOETabs","author":"Anele Mashy Mbanga anele@mbangas.com","comment":"Create tabs\n","id":"23879","category":"","version":"1.05","url":""},{"owner":"","classname":"UOEThemes","author":"Anele Mashy Mbanga anele@mbangas.com","comment":"Theme management class to add themes to the application with AddTheme(forecolor, forecolorintensity,backcolor,backcolorintensity)\n","id":"24000","category":"","version":"1.05","url":""},{"owner":"","classname":"UOEToC","author":"Anele Mashy Mbanga anele@mbangas.com","comment":"Create a TOC (table of contents)\n","id":"23911","category":"","version":"1.05","url":""},{"owner":"","classname":"UOEToast","author":"Anele Mashy Mbanga anele@mbangas.com","comment":"Create a toast\n","id":"23887","category":"","version":"1.05","url":""},{"owner":"","classname":"UOEToolBar","author":"Anele Mashy Mbanga anele@mbangas.com","comment":"create an UOEToolbar\n","id":"23880","category":"","version":"1.05","url":""},{"owner":"","classname":"UOEToolBarAnimation","author":"Anele Mashy Mbanga anele@mbangas.com","comment":"","id":"23918","category":"","version":"1.05","url":""},{"owner":"","classname":"UOEToolBarPosition","author":"Anele Mashy Mbanga anele@mbangas.com","comment":"","id":"23917","category":"","version":"1.05","url":""},{"owner":"","classname":"UOEToolBarTheme","author":"Anele Mashy Mbanga anele@mbangas.com","comment":"","id":"23916","category":"","version":"1.05","url":""},{"owner":"","classname":"UOEToolTip","author":"Anele Mashy Mbanga anele@mbangas.com","comment":"create a tooltip\n","id":"23919","category":"","version":"1.05","url":""},{"owner":"","classname":"UOEVideo","author":"Anele Mashy Mbanga anele@mbangas.com","comment":"Create a video\n","id":"23844","category":"","version":"1.05","url":""},{"owner":"","classname":"UOEWaterBall","author":"Anele Mashy Mbanga anele@mbangas.com","comment":"create a waterball progress bar\n","id":"23866","category":"","version":"1.05","url":""},{"owner":"","classname":"UOEWordCloud","author":"Anele Mashy Mbanga anele@mbangas.com","comment":"word cloud control\n","id":"23867","category":"","version":"1.05","url":""},{"owner":"","classname":"clsAlignment","author":"Anele Mashy Mbanga anele@mbangas.com","comment":"create a Alignment class\n","id":"23945","category":"","version":"1.05","url":""},{"owner":"","classname":"clsAngleArcType","author":"Anele Mashy Mbanga anele@mbangas.com","comment":"create a AngleArcType class\n","id":"23972","category":"","version":"1.05","url":""},{"owner":"","classname":"clsAngleOffsetType","author":"Anele Mashy Mbanga anele@mbangas.com","comment":"create a AngleOffsetType class\n","id":"23973","category":"","version":"1.05","url":""},{"owner":"","classname":"clsAnimation","author":"Anele Mashy Mbanga anele@mbangas.com","comment":"create a Animation class\n","id":"23954","category":"","version":"1.05","url":""},{"owner":"","classname":"clsBillBoardDonutType","author":"Anele Mashy Mbanga anele@mbangas.com","comment":"create a BillBoardDonutType class\n","id":"23975","category":"","version":"1.05","url":""},{"owner":"","classname":"clsBillBoardGaugeType","author":"Anele Mashy Mbanga anele@mbangas.com","comment":"create a BillBoardGaugeType class\n","id":"23976","category":"","version":"1.05","url":""},{"owner":"","classname":"clsBillBoardLegendType","author":"Anele Mashy Mbanga anele@mbangas.com","comment":"create a BillBoardLegendType class\n","id":"23978","category":"","version":"1.05","url":""},{"owner":"","classname":"clsBillBoardPieType","author":"Anele Mashy Mbanga anele@mbangas.com","comment":"create a BillBoardPieType class\n","id":"23979","category":"","version":"1.05","url":""},{"owner":"","classname":"clsBillBoardRadarType","author":"Anele Mashy Mbanga anele@mbangas.com","comment":"create a BillBoardRadarType class\n","id":"23980","category":"","version":"1.05","url":""},{"owner":"","classname":"clsBillboardChartType","author":"Anele Mashy Mbanga anele@mbangas.com","comment":"create a BillboardChartType class\n","id":"23974","category":"","version":"1.05","url":""},{"owner":"","classname":"clsBillboardLegendPositionType","author":"Anele Mashy Mbanga anele@mbangas.com","comment":"create a BillboardLegendPositionType class\n","id":"23977","category":"","version":"1.05","url":""},{"owner":"","classname":"clsButtonSize","author":"Anele Mashy Mbanga anele@mbangas.com","comment":"create a ButtonSize class\n","id":"23946","category":"","version":"1.05","url":""},{"owner":"","classname":"clsButtonType","author":"Anele Mashy Mbanga anele@mbangas.com","comment":"create a ButtonType class\n","id":"23947","category":"","version":"1.05","url":""},{"owner":"","classname":"clsCardSize","author":"Anele Mashy Mbanga anele@mbangas.com","comment":"create a CardSize class\n","id":"23948","category":"","version":"1.05","url":""},{"owner":"","classname":"clsCardType","author":"Anele Mashy Mbanga anele@mbangas.com","comment":"create a CardType class\n","id":"23941","category":"","version":"1.05","url":""},{"owner":"","classname":"clsCollapsibleType","author":"Anele Mashy Mbanga anele@mbangas.com","comment":"create a CollapsibleType class\n","id":"23964","category":"","version":"1.05","url":""},{"owner":"","classname":"clsColor","author":"Anele Mashy Mbanga anele@mbangas.com","comment":"create a COLOR class\n","id":"24003","category":"","version":"1.05","url":""},{"owner":"","classname":"clsDateTimeType","author":"Anele Mashy Mbanga anele@mbangas.com","comment":"create a DateTimeType class\n","id":"23958","category":"","version":"1.05","url":""},{"owner":"","classname":"clsDisplayType","author":"Anele Mashy Mbanga anele@mbangas.com","comment":"create a DisplayType class\n","id":"23959","category":"","version":"1.05","url":""},{"owner":"","classname":"clsEasing","author":"Anele Mashy Mbanga anele@mbangas.com","comment":"create a Easing class\n","id":"23956","category":"","version":"1.05","url":""},{"owner":"","classname":"clsEvents","author":"Anele Mashy Mbanga anele@mbangas.com","comment":"create a Event class\n","id":"23999","category":"","version":"1.05","url":""},{"owner":"","classname":"clsFABDirection","author":"Anele Mashy Mbanga anele@mbangas.com","comment":"create a FABDirection class\n","id":"23942","category":"","version":"1.05","url":""},{"owner":"","classname":"clsFCOperation","author":"Anele Mashy Mbanga anele@mbangas.com","comment":"create a Operation class\n","id":"23981","category":"","version":"1.05","url":""},{"owner":"","classname":"clsFCPositionType","author":"Anele Mashy Mbanga anele@mbangas.com","comment":"create a PositionType class\n","id":"23982","category":"","version":"1.05","url":""},{"owner":"","classname":"clsFloatType","author":"Anele Mashy Mbanga anele@mbangas.com","comment":"create a FloatType class\n","id":"23962","category":"","version":"1.05","url":""},{"owner":"","classname":"clsHexColors","author":"Anele Mashy Mbanga anele@mbangas.com","comment":"create a COLOR class\n","id":"24001","category":"","version":"1.05","url":""},{"owner":"","classname":"clsIconSize","author":"Anele Mashy Mbanga anele@mbangas.com","comment":"create a IconSize class\n","id":"23949","category":"","version":"1.05","url":""},{"owner":"","classname":"clsInputType","author":"Anele Mashy Mbanga anele@mbangas.com","comment":"create a InputType class\n","id":"23951","category":"","version":"1.05","url":""},{"owner":"","classname":"clsIntensity","author":"Anele Mashy Mbanga anele@mbangas.com","comment":"create a INTENSITY class\n","id":"24002","category":"","version":"1.05","url":""},{"owner":"","classname":"clsIntervalType","author":"Anele Mashy Mbanga anele@mbangas.com","comment":"create a IntervalType class\n","id":"23970","category":"","version":"1.05","url":""},{"owner":"","classname":"clsLabelSize","author":"Anele Mashy Mbanga anele@mbangas.com","comment":"create a LabelSize class\n","id":"23960","category":"","version":"1.05","url":""},{"owner":"","classname":"clsLatLng","author":"Anele Mashy Mbanga anele@mbangas.com","comment":"create a LatLng class\n","id":"23969","category":"","version":"1.05","url":""},{"owner":"","classname":"clsLineCapOf","author":"Anele Mashy Mbanga anele@mbangas.com","comment":"create a LineCapOf class\n","id":"23971","category":"","version":"1.05","url":""},{"owner":"","classname":"clsLogoPosition","author":"Anele Mashy Mbanga anele@mbangas.com","comment":"create a LogoPosition class\n","id":"23968","category":"","version":"1.05","url":""},{"owner":"","classname":"clsMBCircle","author":"Anele Mashy Mbanga anele@mbangas.com","comment":"create a MBCircle class\n","id":"23986","category":"","version":"1.05","url":""},{"owner":"","classname":"clsMBIconSize","author":"Anele Mashy Mbanga anele@mbangas.com","comment":"create a MarkerIconSize class\n","id":"23987","category":"","version":"1.05","url":""},{"owner":"","classname":"clsMBMarkerType","author":"Anele Mashy Mbanga anele@mbangas.com","comment":"create a MBMarkerType class\n","id":"23988","category":"","version":"1.05","url":""},{"owner":"","classname":"clsMBPolyLine","author":"Anele Mashy Mbanga anele@mbangas.com","comment":"create a MBPolyLine class\n","id":"23989","category":"","version":"1.05","url":""},{"owner":"","classname":"clsMakiIcons","author":"Anele Mashy Mbanga anele@mbangas.com","comment":"create a MakiIcons class\n","id":"23984","category":"","version":"1.05","url":""},{"owner":"","classname":"clsMapTypeObj","author":"Anele Mashy Mbanga anele@mbangas.com","comment":"create a MapTypeObj class\n","id":"23985","category":"","version":"1.05","url":""},{"owner":"","classname":"clsMenuPos","author":"Anele Mashy Mbanga anele@mbangas.com","comment":"create a Menu class\n","id":"23961","category":"","version":"1.05","url":""},{"owner":"","classname":"clsModeType","author":"Anele Mashy Mbanga anele@mbangas.com","comment":"create a ModeType class\n","id":"23990","category":"","version":"1.05","url":""},{"owner":"","classname":"clsOrientation","author":"Anele Mashy Mbanga anele@mbangas.com","comment":"create a Orientation class\n","id":"23955","category":"","version":"1.05","url":""},{"owner":"","classname":"clsScaleType","author":"Anele Mashy Mbanga anele@mbangas.com","comment":"create a ScaleType class\n","id":"23963","category":"","version":"1.05","url":""},{"owner":"","classname":"clsSliderOrientation","author":"Anele Mashy Mbanga anele@mbangas.com","comment":"create a SliderOrientation class\n","id":"23966","category":"","version":"1.05","url":""},{"owner":"","classname":"clsSocialSharePlatform","author":"Anele Mashy Mbanga anele@mbangas.com","comment":"create a SocialSharePlatform class\n","id":"23991","category":"","version":"1.05","url":""},{"owner":"","classname":"clsSocialShareTheme","author":"Anele Mashy Mbanga anele@mbangas.com","comment":"create a SocialShareTheme class\n","id":"23992","category":"","version":"1.05","url":""},{"owner":"","classname":"clsStatsType","author":"Anele Mashy Mbanga anele@mbangas.com","comment":"create a StatsType class\n","id":"23965","category":"","version":"1.05","url":""},{"owner":"","classname":"clsSubMarkerDirectionType","author":"Anele Mashy Mbanga anele@mbangas.com","comment":"create a MarkerDirectionType class\n","id":"23993","category":"","version":"1.05","url":""},{"owner":"","classname":"clsSubMarkerInfoType","author":"Anele Mashy Mbanga anele@mbangas.com","comment":"create a SubMarkerInfoType class\n","id":"23994","category":"","version":"1.05","url":""},{"owner":"","classname":"clsSubMarkerPosType","author":"Anele Mashy Mbanga anele@mbangas.com","comment":"create a SubMarkerPosType class\n","id":"23995","category":"","version":"1.05","url":""},{"owner":"","classname":"clsSubMarkerType","author":"Anele Mashy Mbanga anele@mbangas.com","comment":"create a SubMarkerType class\n","id":"23996","category":"","version":"1.05","url":""},{"owner":"","classname":"clsTarget","author":"Anele Mashy Mbanga anele@mbangas.com","comment":"create a Target class\n","id":"23983","category":"","version":"1.05","url":""},{"owner":"","classname":"clsTextAlignment","author":"Anele Mashy Mbanga anele@mbangas.com","comment":"create a TextAlignment class\n","id":"23943","category":"","version":"1.05","url":""},{"owner":"","classname":"clsTooltipPos","author":"Anele Mashy Mbanga anele@mbangas.com","comment":"create a TooltipPos class\n","id":"23944","category":"","version":"1.05","url":""},{"owner":"","classname":"clsTransition","author":"Anele Mashy Mbanga anele@mbangas.com","comment":"create a TransitionObject class\n","id":"23967","category":"","version":"1.05","url":""},{"owner":"","classname":"clsVideoType","author":"Anele Mashy Mbanga anele@mbangas.com","comment":"create a VideoType class\n","id":"23957","category":"","version":"1.05","url":""},{"owner":"","classname":"clsVisibility","author":"Anele Mashy Mbanga anele@mbangas.com","comment":"create a Visibility class\n","id":"23952","category":"","version":"1.05","url":""},{"owner":"","classname":"clsWavesType","author":"Anele Mashy Mbanga anele@mbangas.com","comment":"create a WavesType class\n","id":"23950","category":"","version":"1.05","url":""},{"owner":"","classname":"clsZDepth","author":"Anele Mashy Mbanga anele@mbangas.com","comment":"create a ZDepth class\n","id":"23953","category":"","version":"1.05","url":""},{"owner":"","classname":"clsthumbTypeType","author":"Anele Mashy Mbanga anele@mbangas.com","comment":"create a thumbTypeType class\n","id":"23998","category":"","version":"1.05","url":""},{"owner":"","classname":"clsthumbnailsPositionType","author":"Anele Mashy Mbanga anele@mbangas.com","comment":"create a thumbnailsPositionType class\n","id":"23997","category":"","version":"1.05","url":""}]